userId,postId,at
u-f57dbdfc,p-ba35cf2c,2025-06-07T15:18:40.185267Z
u-c25fdbe3,p-2b26b0c0,2025-08-27T14:53:59.185267Z
u-c5699f84,p-a799841a,2025-08-08T01:59:00.185267Z
u-114e3fe8,p-663a2807,2025-08-12T17:33:27.185267Z
u-c25fdbe3,p-b64fdf0c,2025-07-20T23:45:54.185267Z
u-d9712f12,p-87b656b6,2025-08-28T12:40:51.185267Z
u-b7628c5c,p-05ad9e76,2025-06-18T21:49:24.185267Z
u-e4cc478a,p-7d6b04c6,2025-08-25T12:09:09.185267Z
u-fdb0cfb8,p-f5e7bb13,2025-07-13T20:28:57.185267Z
u-5f0fb8b1,p-f8624ff4,2025-08-21T07:33:55.185267Z
u-d9712f12,p-83165cf0,2025-08-17T09:42:37.185267Z
u-82737024,p-0b97f38a,2025-06-17T18:48:59.185267Z
u-c25fdbe3,p-70663ac0,2025-05-03T04:16:15.185267Z
u-fdb0cfb8,p-0ea84376,2025-08-28T20:48:52.185267Z
u-5f0fb8b1,p-41e66b19,2025-02-10T06:44:23.185267Z
u-c25fdbe3,p-a0652f96,2025-01-08T09:30:56.185267Z
u-162e1baa,p-a799841a,2025-08-28T15:38:46.185267Z
u-774be978,p-f4560253,2025-07-12T03:20:59.185267Z
u-c25fdbe3,p-09f86659,2025-08-05T11:38:26.185267Z
u-c25fdbe3,p-c36670c2,2025-07-31T04:48:40.185267Z
u-114e3fe8,p-b64fdf0c,2025-06-26T04:01:06.185267Z
u-e4cc478a,p-c36670c2,2025-08-24T13:54:41.185267Z
u-82737024,p-0acb68ce,2025-07-06T02:53:53.185267Z
u-4daafaac,p-7808dd0a,2025-08-27T23:43:49.185267Z
u-9e3f4f08,p-b64fdf0c,2025-08-25T10:07:46.185267Z
u-c5699f84,p-897fd637,2025-08-22T20:07:44.185267Z
u-e6912638,p-f8624ff4,2025-08-03T03:32:01.185267Z
u-b7628c5c,p-512bbf49,2025-06-26T12:50:24.185267Z
u-fdb0cfb8,p-83165cf0,2025-08-27T23:56:45.185267Z
u-4daafaac,p-4d9be3b4,2025-07-09T04:10:51.185267Z
u-47223d71,p-87b656b6,2025-08-27T23:51:24.185267Z
u-82737024,p-c36670c2,2025-08-05T16:56:45.185267Z
u-fdb0cfb8,p-3f8c6587,2025-08-18T06:41:15.185267Z
u-f57dbdfc,p-54c8a179,2025-06-30T06:17:59.185267Z
u-b7628c5c,p-d35f7ecf,2025-05-09T15:08:33.185267Z
u-f57dbdfc,p-d35f7ecf,2025-04-01T19:42:10.185267Z
u-c25fdbe3,p-0a4e3263,2025-08-28T13:23:07.185267Z
u-b7628c5c,p-b64fdf0c,2025-05-04T21:07:55.185267Z
u-f57dbdfc,p-e0000420,2025-06-28T08:36:44.185267Z
u-fdb0cfb8,p-3f8c6587,2025-08-27T23:38:37.185267Z
u-c5699f84,p-3f8c6587,2025-08-23T11:26:17.185267Z
u-774be978,p-09f86659,2025-07-04T18:45:04.185267Z
u-a982f07b,p-f5e7bb13,2025-08-04T02:18:02.185267Z
u-d9712f12,p-f8624ff4,2025-06-12T07:01:45.185267Z
u-e4cc478a,p-a799841a,2024-11-28T18:41:30.185267Z
u-774be978,p-e0000420,2025-07-12T12:34:16.185267Z
u-82737024,p-70663ac0,2025-07-03T04:46:18.185267Z
u-774be978,p-23429c6a,2025-08-27T22:38:46.185267Z
u-162e1baa,p-87b656b6,2025-08-28T19:46:48.185267Z
u-e6912638,p-0acb68ce,2025-06-14T19:39:04.185267Z
u-e4cc478a,p-dc950a4c,2025-08-26T14:52:13.185267Z
u-b7628c5c,p-483d4ae3,2025-07-13T02:17:08.185267Z
u-c94c4ee2,p-896e3d17,2025-08-08T19:51:19.185267Z
u-4daafaac,p-4aca1377,2025-08-26T18:41:48.185267Z
u-c94c4ee2,p-d35f7ecf,2025-05-31T23:15:17.185267Z
u-9e3f4f08,p-83165cf0,2025-08-27T22:01:42.185267Z
u-f57dbdfc,p-840fc147,2025-06-05T01:58:47.185267Z
u-b7628c5c,p-c36670c2,2025-07-18T01:12:48.185267Z
u-c94c4ee2,p-2b26b0c0,2025-08-21T00:05:29.185267Z
u-f57dbdfc,p-7d6b04c6,2025-08-20T02:30:21.185267Z
u-47223d71,p-743e8073,2025-06-10T05:50:26.185267Z
u-114e3fe8,p-05ad9e76,2025-07-30T03:24:27.185267Z
u-114e3fe8,p-f4560253,2025-06-20T22:24:13.185267Z
u-fdb0cfb8,p-25ad5674,2025-07-10T05:39:46.185267Z
u-c25fdbe3,p-87b656b6,2025-08-28T09:44:14.185267Z
u-fdb0cfb8,p-83fd20ff,2025-08-14T19:58:36.185267Z
u-9e3f4f08,p-f4560253,2025-05-16T16:10:56.185267Z
u-9945cb14,p-0b97f38a,2025-07-23T07:15:50.185267Z
u-c5699f84,p-446ddbd2,2025-08-17T03:11:10.185267Z
u-9e3f4f08,p-ff85d742,2025-07-29T05:34:04.185267Z
u-e6912638,p-ff85d742,2025-08-21T00:03:09.185267Z
u-9945cb14,p-ff85d742,2025-07-30T19:25:47.185267Z
u-fdb0cfb8,p-f5e7bb13,2025-08-01T17:22:20.185267Z
u-a982f07b,p-897fd637,2025-06-27T11:34:10.185267Z
u-82737024,p-81e3103a,2025-08-16T19:23:32.185267Z
u-162e1baa,p-db7211f5,2025-08-28T17:19:42.185267Z
u-4daafaac,p-83fd20ff,2025-06-04T23:16:24.185267Z
u-5f0fb8b1,p-0b97f38a,2025-07-19T21:28:11.185267Z
u-c25fdbe3,p-3f8c6587,2025-08-18T09:30:15.185267Z
u-e6912638,p-483d4ae3,2025-07-10T21:13:00.185267Z
u-fdb0cfb8,p-7917a014,2025-07-06T02:00:42.185267Z
u-e6912638,p-7808dd0a,2025-08-26T01:52:57.185267Z
u-4daafaac,p-f4560253,2025-03-19T11:09:06.185267Z
u-114e3fe8,p-11c7e70d,2025-08-28T17:06:07.185267Z
u-e4cc478a,p-7eff8745,2025-06-30T09:27:05.185267Z
u-d9712f12,p-83fd20ff,2025-06-07T16:49:29.185267Z
u-c94c4ee2,p-4d9be3b4,2025-08-16T15:37:59.185267Z
u-4daafaac,p-40a8cf61,2025-05-27T11:37:54.185267Z
u-47223d71,p-81e3103a,2025-07-29T11:00:52.185267Z
u-4daafaac,p-23429c6a,2025-08-23T19:44:32.185267Z
u-e4cc478a,p-c36670c2,2025-08-22T18:37:14.185267Z
u-9945cb14,p-25ad5674,2025-08-24T06:32:16.185267Z
u-162e1baa,p-83165cf0,2025-08-28T13:54:26.185267Z
u-e4cc478a,p-3f8c6587,2025-08-23T21:11:31.185267Z
u-a982f07b,p-a799841a,2025-06-23T18:27:46.185267Z
u-5f0fb8b1,p-512bbf49,2025-08-19T14:08:01.185267Z
u-a982f07b,p-f4560253,2025-08-17T20:12:19.185267Z
u-c25fdbe3,p-512bbf49,2025-08-15T20:01:30.185267Z
u-a982f07b,p-40a8cf61,2025-08-12T19:20:06.185267Z
u-c94c4ee2,p-81e3103a,2025-03-25T15:08:12.185267Z
u-c5699f84,p-11c7e70d,2025-08-28T11:29:40.185267Z
u-5f0fb8b1,p-0a4e3263,2025-08-09T07:57:13.185267Z
u-f57dbdfc,p-ff85d742,2025-08-26T23:20:06.185267Z
u-c94c4ee2,p-09f86659,2025-08-07T07:55:16.185267Z
u-55f38d3e,p-743e8073,2025-06-20T09:04:17.185267Z
u-c25fdbe3,p-09f86659,2025-07-10T18:12:46.185267Z
u-b7628c5c,p-41e66b19,2025-05-07T11:27:18.185267Z
u-f57dbdfc,p-e49d7207,2025-08-27T01:42:13.185267Z
u-c5699f84,p-4d9be3b4,2025-08-20T16:48:21.185267Z
u-47223d71,p-b64fdf0c,2025-05-15T03:19:26.185267Z
u-b7628c5c,p-0b97f38a,2025-05-24T04:21:40.185267Z
u-c5699f84,p-f5e7bb13,2025-08-22T14:41:20.185267Z
u-fdb0cfb8,p-7eff8745,2025-05-16T07:42:58.185267Z
u-5f0fb8b1,p-40a8cf61,2025-06-01T04:43:23.185267Z
u-c25fdbe3,p-d35f7ecf,2025-06-30T17:06:30.185267Z
u-47223d71,p-f4560253,2025-07-02T03:33:38.185267Z
u-774be978,p-f4560253,2025-08-21T01:37:31.185267Z
u-114e3fe8,p-0ea84376,2025-08-28T20:45:23.185267Z
u-47223d71,p-dc950a4c,2025-08-25T15:22:38.185267Z
u-162e1baa,p-b64fdf0c,2025-08-28T03:12:30.185267Z
u-9e3f4f08,p-e49d7207,2025-08-27T01:02:49.185267Z
u-c94c4ee2,p-83165cf0,2025-08-23T14:11:41.185267Z
u-c25fdbe3,p-e49d7207,2025-08-25T05:18:08.185267Z
u-c94c4ee2,p-75810bd0,2025-07-28T11:06:32.185267Z
u-c25fdbe3,p-43f50a73,2025-08-18T06:51:39.185267Z
u-9945cb14,p-25d2b0e9,2025-07-22T19:28:58.185267Z
u-c5699f84,p-0acb68ce,2025-08-18T15:19:44.185267Z
u-b7628c5c,p-f8624ff4,2025-08-09T17:00:37.185267Z
u-c94c4ee2,p-512bbf49,2025-06-27T05:15:10.185267Z
u-e6912638,p-43f50a73,2025-05-26T16:57:31.185267Z
u-774be978,p-0acb68ce,2025-02-09T11:40:24.185267Z
u-9945cb14,p-2b26b0c0,2025-08-27T15:03:40.185267Z
u-e4cc478a,p-dc950a4c,2025-08-18T00:40:08.185267Z
u-9945cb14,p-dc950a4c,2025-08-21T23:59:21.185267Z
u-9e3f4f08,p-70663ac0,2025-07-18T23:01:49.185267Z
u-c5699f84,p-446ddbd2,2025-08-14T05:09:11.185267Z
u-774be978,p-7917a014,2025-07-26T22:37:20.185267Z
u-c94c4ee2,p-7eff8745,2025-05-06T00:28:33.185267Z
u-e6912638,p-840fc147,2025-08-28T12:03:20.185267Z
u-47223d71,p-a0652f96,2025-04-21T05:05:18.185267Z
u-e6912638,p-512bbf49,2025-07-30T13:11:51.185267Z
u-d9712f12,p-0acb68ce,2025-04-13T04:25:40.185267Z
u-e4cc478a,p-7917a014,2025-07-26T14:40:47.185267Z
u-e4cc478a,p-40a8cf61,2025-06-23T00:53:52.185267Z
u-9945cb14,p-446ddbd2,2025-07-27T06:16:49.185267Z
u-4daafaac,p-43f50a73,2025-04-24T22:38:04.185267Z
u-9e3f4f08,p-b64fdf0c,2025-08-04T11:07:47.185267Z
u-c94c4ee2,p-f4560253,2025-05-31T01:55:15.185267Z
u-9e3f4f08,p-11c7e70d,2025-08-28T19:59:41.185267Z
u-e6912638,p-896e3d17,2025-06-28T14:37:53.185267Z
u-d9712f12,p-70663ac0,2025-05-08T05:18:41.185267Z
u-162e1baa,p-512bbf49,2025-08-28T00:10:24.185267Z
u-5f0fb8b1,p-0b97f38a,2025-06-03T06:26:56.185267Z
u-f57dbdfc,p-b64fdf0c,2025-07-14T06:57:35.185267Z
u-114e3fe8,p-e0000420,2025-07-13T13:56:41.185267Z
u-d9712f12,p-3f8c6587,2025-08-25T21:44:34.185267Z
u-55f38d3e,p-ba35cf2c,2025-08-26T18:33:59.185267Z
u-162e1baa,p-4aca1377,2025-08-28T16:10:44.185267Z
u-47223d71,p-a799841a,2025-08-17T15:28:08.185267Z
u-55f38d3e,p-e49d7207,2025-08-25T16:57:27.185267Z
u-c94c4ee2,p-e0000420,2025-08-26T17:38:45.185267Z
u-fdb0cfb8,p-25d2b0e9,2025-07-10T01:26:44.185267Z
u-162e1baa,p-840fc147,2025-08-27T16:54:45.185267Z
u-c25fdbe3,p-40a8cf61,2025-08-25T12:31:04.185267Z
u-774be978,p-7917a014,2025-08-16T13:52:11.185267Z
u-d9712f12,p-512bbf49,2025-06-24T06:12:51.185267Z
u-e4cc478a,p-f4560253,2025-06-07T22:28:36.185267Z
u-55f38d3e,p-40a8cf61,2025-03-06T13:16:35.185267Z
u-114e3fe8,p-d35f7ecf,2025-08-18T14:06:18.185267Z
u-9945cb14,p-7eff8745,2025-08-05T06:41:12.185267Z
u-114e3fe8,p-f5e7bb13,2025-07-28T17:07:31.185267Z
u-c94c4ee2,p-23429c6a,2025-08-22T04:12:47.185267Z
u-c25fdbe3,p-54c8a179,2025-07-23T21:27:43.185267Z
u-e4cc478a,p-e49d7207,2025-08-28T06:58:05.185267Z
u-a982f07b,p-70663ac0,2025-06-29T04:55:40.185267Z
u-fdb0cfb8,p-840fc147,2025-06-20T22:37:32.185267Z
u-774be978,p-09f86659,2025-08-01T08:53:54.185267Z
u-c94c4ee2,p-f8624ff4,2025-07-11T10:52:29.185267Z
u-47223d71,p-840fc147,2025-06-06T06:44:00.185267Z
u-f57dbdfc,p-2b26b0c0,2025-08-23T10:37:52.185267Z
u-9945cb14,p-7808dd0a,2025-08-22T04:58:12.185267Z
u-9e3f4f08,p-ff85d742,2025-07-18T22:24:22.185267Z
u-162e1baa,p-512bbf49,2025-08-28T12:48:58.185267Z
u-82737024,p-743e8073,2025-08-19T17:40:24.185267Z
u-b7628c5c,p-7eff8745,2025-07-19T18:15:01.185267Z
u-774be978,p-e49d7207,2025-08-27T15:41:28.185267Z
u-f57dbdfc,p-c36670c2,2025-07-27T22:18:26.185267Z
u-5f0fb8b1,p-11c7e70d,2025-08-28T14:19:59.185267Z
u-5f0fb8b1,p-b64fdf0c,2025-05-21T09:38:36.185267Z
u-a982f07b,p-f4560253,2025-07-23T12:00:26.185267Z
u-9945cb14,p-483d4ae3,2025-08-26T16:30:51.185267Z
u-fdb0cfb8,p-25d2b0e9,2025-07-11T05:43:14.185267Z
u-774be978,p-0b97f38a,2025-06-09T03:04:30.185267Z
u-114e3fe8,p-41e66b19,2025-06-12T16:53:52.185267Z
u-e4cc478a,p-70663ac0,2025-07-17T10:35:01.185267Z
u-fdb0cfb8,p-b64fdf0c,2025-08-20T20:18:43.185267Z
u-4daafaac,p-446ddbd2,2025-07-03T14:43:02.185267Z
u-4daafaac,p-25ad5674,2025-03-14T10:41:08.185267Z
u-b7628c5c,p-e0000420,2025-08-10T20:23:26.185267Z
u-fdb0cfb8,p-a799841a,2025-08-08T13:13:09.185267Z
